Company,Author,works_count,cited_by_count,2yr_mean_citedness,h_index,i10_index
Deepseek,Yukun Zha,4,7,0,1,0
Deepseek,Shanhuang Chen,4,9,0,1,0
Deepseek,Shanghao Lu,5,9,0,1,0
Deepseek,Yishi Piao,5,12,0,2,0
Deepseek,Yuxiang You,5,12,0,2,0
Deepseek,Huazuo Gao,7,25,0,3,0
Deepseek,Xiaowen Sun,5,3,0,1,0
Deepseek,Fangyun Lin,3,9,0,1,0
Deepseek,Tian Pei,3,0,0,0,0
Deepseek,Zhengyan Zhang,3,0,0,0,0
Deepseek,Jiaqi Ni,6,72,0,3,2
Deepseek,Yongji Wang,124,1541,2.25,19,36
Deepseek,Zilin Li,33,802,5.5,14,15
Deepseek,Yi Zheng,76,747,2.242424242,8,8
Deepseek,Junlong Li,33,318,10.5,9,8
Deepseek,Y. X. Wei,115,3037,7,32,66
Deepseek,Yuhan Wu,90,1045,6.4375,18,27
Deepseek,Xiaoxiang Wang,151,3121,7.111111111,34,73
Deepseek,Xiaokang Chen,35,343,1.75,6,5
Deepseek,Minghui Tang,78,1453,2.695652174,17,23
Deepseek,Jingchang Chen,69,412,4.222222222,12,13
Deepseek,Runxin Xu,51,526,2.523809524,9,8
Deepseek,Yanping Huang,23,337,7.25,11,11
Deepseek,Yunxian Ma,126,2769,3.451612903,31,47
Deepseek,Yunfan Xiong,31,136,0,6,2
Deepseek,Y. Q. Wang,6,146,0,4,2
Deepseek,Yujia He,5,46,14.5,2,1
Deepseek,Zizheng Pan,39,503,8.769230769,11,13
Deepseek,Qiancheng Wang,31,419,1.666666667,11,15
Deepseek,Guangbo Hao,181,2638,3.973684211,27,82
Deepseek,Yuduan Wang,8,46,6.333333333,3,1
Deepseek,Yiyang Ma,9,8,0.6666666667,1,0
Deepseek,Jian Liang,14,29,0,4,0
Deepseek,Junxiao Song,21,986,0.5,9,8
Deepseek,Chengda Lu,100,539,2.41025641,14,19
Deepseek,Yuan Ou,13,110,0,5,4
Deepseek,Haocheng Wang,24,105,3.222222222,7,4
Deepseek,Wenqin Yu,6,22,0,2,1
Deepseek,Zehui Ren,11,42,1,3,2
Deepseek,Zhe Fu,70,275,2.555555556,8,5
Deepseek,Meng Li,81,882,4.5,14,24
Deepseek,Damai Dai,61,780,8.518518519,12,13
Deepseek,Guowei Li,20,71,3.142857143,5,2
Deepseek,Kai Dong,60,563,1.75,14,18
Deepseek,Leyi Xia,10,221,1,4,4
Deepseek,Dejian Yang,23,72,3.4,4,2
Deepseek,Liyue Zhang,83,843,2.4,12,13
Deepseek,Deli Chen,508,19912,8.403846154,71,258
Deepseek,Ning Tian,8,73,11.75,4,3
Deepseek,Bochao Wu,38,280,2.555555556,10,11
Deepseek,Jianzhong Guo,95,2072,6.466666667,22,33
Deepseek,Yue Gong,64,2545,16.8,21,28
Deepseek,Y. K. Li,7,41,0,3,1
Deepseek,Ziyi Gao,6,23,2,3,1
Deepseek,Yiliang Xiong,7,39,6,3,2
Deepseek,Wangding Zeng,8,35,0,3,1
Deepseek,Yao Li,59,670,4,14,23
Deepseek,Yaofeng Sun,7,15,0,2,0
Deepseek,Shangyan Zhou,7,34,4,3,1
Deepseek,Ziyang Song,5,22,5,3,1
Deepseek,Chong Ruan,13,56,4.333333333,5,2
Deepseek,Lei Xu,174,2589,4.304347826,26,46
Deepseek,Xiaokang Zhang,5,5,1.5,1,0
Deepseek,X. Q. Li,9,216,0,6,6
Deepseek,Xinyi Zhou,10,10,1,2,0
Deepseek,Xuheng Lin,4,0,0,0,0
Deepseek,Ruisong Zhang,8,120,14.25,3,2
Deepseek,Ruizhe Pan,72,1206,5.166666667,22,36
Deepseek,Hui Li,131,1335,4.695652174,19,39
Deepseek,Xianzu Wang,12,20,0.3333333333,3,1
Deepseek,Bing Xue,69,1619,3.857142857,20,37
Deepseek,Zhean Xu,11,680,2,6,4
Deepseek,R. J. Chen,3,15,0,1,1
Deepseek,Wenjun Gao,83,478,0.5555555556,10,10
Deepseek,Yuxuan Liu,20,68,6.166666667,5,2
Deepseek,Chengqi Deng,14,63,2.75,5,1
Deepseek,Litong Wang,39,352,4.375,7,6
Deepseek,Shuting Pan,3,30,0,1,1
Deepseek,Xin Xie,103,2025,15.55555556,24,39
Deepseek,Tao Yun,102,574,1.538461538,12,12
Deepseek,Yanhong Xu,17,34,3.2,3,2
Deepseek,Shuang Zhou,6,158,0,4,3
Deepseek,Hanwei Xu,20,283,0,8,7
Deepseek,Lecong Zhang,4,12,2.5,2,0
Deepseek,Yuxiang Luo,7,3,1,1,0
Deepseek,Zijun Liu,14,132,4,4,2
Deepseek,Xinyu Yang,74,650,2.083333333,15,23
Deepseek,Xiangyue Jin,431,7107,4.661016949,44,168
Deepseek,Tong Wu,61,890,1,17,25
Deepseek,Yuting Yan,4,2,0,1,0
Deepseek,Runji Wang,4,19,5,1,1
Deepseek,Fuli Luo,58,1288,2,19,29
Deepseek,Fucong Dai,75,1675,3.913043478,23,36
Deepseek,Qiushi Du,23,32,0,3,0
Deepseek,S. S. Li,132,1321,5.12,17,39
Deepseek,Tianyu Sun,7,20,2,3,0
Deepseek,Zhicheng Ma,6,4,0.6666666667,1,0
Deepseek,Mingchuan Zhang,284,2328,0.9411764706,25,60
Deepseek,Shengfeng Ye,22,320,3.4,8,5
Deepseek,Kexin Huang,38,410,3.111111111,11,12
Deepseek,Xingkai Yu,35,243,2.666666667,8,8
Deepseek,Huajian Xin,12,13,1,2,0
Deepseek,Bei Feng,5,2,0,1,0
Deepseek,Wentao Zhang,205,3787,15.44444444,22,36
Deepseek,Yao Zhao,59,294,3,8,7
Deepseek,Lean Wang,8,12,2.5,1,0
Deepseek,Zhewen Hao,6,13,0,2,0
Deepseek,Kai Hu,23,141,4.875,7,4
Deepseek,Jingyang Yuan,25,394,1.666666667,4,4
Deepseek,T. Wang,472,5229,3.283185841,36,143
Deepseek,Chenggang Zhao,11,86,0,4,2
Deepseek,Jin Chen,218,1611,2.9,20,41
Deepseek,Xiao Bi,7,5,0,1,0
Deepseek,Yaohui Li,6,0,0,0,0
Deepseek,Yaohui Wang,118,2382,8.484848485,24,47
Deepseek,Yixuan Tan,10,14,1.166666667,2,0
Deepseek,Yuchen Zhu,11,12,1.5,2,0
Deepseek,Xiaohan Wang,67,48,1.736842105,4,3
Deepseek,Zijia Zhu,13,179,10.5,7,7
Deepseek,Xin Cheng,22,40,1.111111111,3,1
Deepseek,Zhigang Yan,3,29,0,2,2
Deepseek,Zhipeng Xu,4,6,0,1,0
Deepseek,Xiaojin Shen,5,5,4,1,0
Deepseek,Peng Zhang,150,3539,2.961538462,32,64
Deepseek,Xingchao Liu,101,705,3.766666667,15,27
Deepseek,Mingming Li,32,687,4.8,11,14
Deepseek,Shunfeng Zhou,10,340,0,8,7
Deepseek,Xinyuan Li,14,197,2.25,8,7
Deepseek,Yang Zhang,65,373,2.266666667,11,11
Deepseek,Jiawei Wang,15,11,0.5,2,0
Deepseek,Zihui Gu,4,3,0,1,0
Deepseek,Xiaosha Chen,20,307,5,8,8
Deepseek,Yisong Wang,4,9,0,1,0
Deepseek,Ziwei Xie,10,202,2,4,2
Deepseek,Liang Zhao,209,4098,4.2,39,97
Deepseek,Xinnan Song,4,13,0,1,1
Deepseek,Hui Qu,276,3046,2.340425532,28,80
Deepseek,Yichao Zhang,107,734,0.9333333333,15,21
Deepseek,Zhibin Gou,8,98,6.142857143,4,3
Deepseek,Jingxiang Sun,3,173,37,3,2
Deepseek,Shirong Ma,50,291,1.588235294,10,11
Deepseek,Han Bao,10,38,0,4,2
Deepseek,Z. Z. Ren,6,3,0,1,0
Deepseek,Xinxia Shan,35,89,1.285714286,6,3
Deepseek,Honghui Ding,18,249,11.14285714,8,8
Deepseek,Yuheng Zou,12,2023,4.5,6,4
Deepseek,H. Zhang,5,90,0,2,2
Deepseek,Yuyang Zhou,12,12,1.2,2,0
Deepseek,Dongjie Ji,5,8,0,1,0
Deepseek,J. L. Cai,112,942,1.5,17,24
Deepseek,Zhangli Sha,6,9,0,1,0
Deepseek,Y. X. Zhu,12,33,0,3,1
Deepseek,W. L. Xiao,44,500,7.375,12,15
Deepseek,Bo Liu,88,449,2.52173913,8,7
Deepseek,Yukun Li,9,35,2.333333333,3,1
Deepseek,Kang Guan,93,1126,0.9,17,28
Deepseek,Haowei Zhang,40,210,1.642857143,8,7
Deepseek,Yifan Shi,7,26,4,2,2
Deepseek,Ruyi Chen,3,55,0,1,1
Deepseek,Xin Liu,7,10,0,1,0
Deepseek,Wanjia Zhao,8,7,0,1,0
Deepseek,Xiaotao Nie,9,395,0,4,3
Deepseek,Xuan Lu,153,2486,5.21875,25,60
Deepseek,R. L. Jin,16,265,2.5,7,5
Deepseek,A. X. Liu,17,187,2,7,4
Deepseek,Ruiqi Ge,29,605,21.06666667,10,9
Deepseek,Peiyi Wang,199,4080,4.339622642,31,84
Deepseek,Kaige Gao,68,963,5.785714286,18,27
Deepseek,Zhihong Shao,51,501,3.454545455,11,12
Deepseek,Xiaodong Liu,455,8225,2.538461538,37,130
Deepseek,Zhiyu Wu,33,181,7.777777778,7,6
Deepseek,Guanting Chen,43,480,3.666666667,8,7
Deepseek,Tongzheng Ren,55,347,0.1666666667,8,8
Deepseek,Shuiping Yu,64,756,0.8823529412,14,14
Deepseek,Xuecheng Su,47,134,0.3103448276,7,4
Deepseek,Wenfeng Liang,152,4115,6.695652174,32,73
Deepseek,Erhang Li,7,26,0,4,0
Deepseek,Yongqiang Guo,27,63,0.5,4,2
Deepseek,Zhen Huang,83,1396,6.588235294,22,30
Deepseek,Bingxuan Wang,11,83,0,4,2
Deepseek,Wen Liu,146,4411,7.538461538,24,36
Deepseek,Aixin Liu,73,382,0.9333333333,12,14
Deepseek,Ruoyu Zhang,24,467,3.5,10,10
Deepseek,Zhen Zhang,265,2402,3.06,26,65
Deepseek,B. Zhang,84,542,2.846153846,10,12
Deepseek,Qinyu Chen,72,2028,5.2,25,40
Deepseek,Panpan Huang,9,51,0,4,1
Deepseek,Z. F. Wu,44,169,3.083333333,8,7
Deepseek,R. X. Xu,82,520,3.416666667,12,13
Deepseek,Zhongyu Zhang,19,61,12,3,2
Deepseek,Wei An,110,2284,1.666666667,27,64
Deepseek,Shiyu Wang,32,756,1.5,14,16
Deepseek,Yi Yu,306,17863,8.593220339,65,140
Deepseek,Kuai Yu,68,3162,6.857142857,26,41
Deepseek,Qihao Zhu,58,855,5.791666667,14,17
Deepseek,Shaoqing Wu,51,338,3,11,11
Deepseek,Haoyu Lu,12,19,0,3,0
Deepseek,Minghua Zhang,505,26473,6.587301587,78,288
Deepseek,Daya Guo,57,3483,10.89473684,19,23
Deepseek,Jiashi Li,53,680,10,15,20
Deepseek,Zhenda Xie,225,3018,3.037735849,30,71
Deepseek,Yicheng Wu,87,1458,7.740740741,16,19
Deepseek,Junjie Qiu,37,326,6.222222222,10,10
Deepseek,Ying He,581,6919,2.731092437,45,188
Deepseek,Zhuoshu Li,6,19,0,3,0
Deepseek,Ying Tang,160,1687,2,23,38
Deepseek,Yu Wu,15,77,0.3333333333,5,4
Deepseek,Yiyuan Liu,66,485,3.1,11,14
Deepseek,Miaojun Wang,28,565,3.6,11,11
Deepseek,Chenyu Zhang,29,63,0.6666666667,5,1
Deepseek,Wenjie Hu,149,1358,2,18,26
OpenAI,OpenAI,6,2314,656,5,4
OpenAI,Alex Tachard Passos,2,24,0,2,1
OpenAI,Andrew Kondrich,2,24,0,2,1
OpenAI,Ben Rossen,2,24,0,2,1
OpenAI,Brydon Eastman,2,24,0,2,1
OpenAI,Cary Bassin,2,24,0,2,1
OpenAI,David Farhi,3,1056,0,3,2
OpenAI,David Mely,2,24,0,2,1
OpenAI,Elizabeth Proehl,2,24,0,2,1
OpenAI,Evan Mays,3,25,0,2,1
OpenAI,Filippo Raso,2,24,0,2,1
OpenAI,Fred von Lohmann,2,24,0,2,1
OpenAI,Freddie Sulit,2,24,0,2,1
OpenAI,Geoff Salmon,2,24,0,2,1
OpenAI,Hunter Lightman,3,32,8,2,1
OpenAI,Ian O'Connell,2,24,0,2,1
OpenAI,James Lennon,3,30,0,3,1
OpenAI,Jerry Tworek,6,2469,22,5,5
OpenAI,Joaquin Quiñonero Candela,2,24,0,2,1
OpenAI,Kendra Rimbach,2,24,0,2,1
OpenAI,Keren Gu-Lemberg,3,484,270,3,2
OpenAI,Lama Ahmad,2,24,0,2,1
OpenAI,Lindsay McCallum,2,24,0,2,1
OpenAI,Lindsey Held,2,24,0,2,1
OpenAI,Lukas Kondraciuk,2,24,0,2,1
OpenAI,Meghan Shah,3,24,0,2,1
OpenAI,Mehmet Yatbaz,2,24,0,2,1
OpenAI,Mia Glaese,6,480,7,5,4
OpenAI,Mianna Chen,5,490,270,3,2
OpenAI,Michelle Fradin,2,24,0,2,1
OpenAI,Miles Wang,2,24,0,2,1
OpenAI,Mira Murati,3,1275,0,3,2
OpenAI,Mo Bavarian,2,24,0,2,1
OpenAI,Mostafa Rohaninejad,2,8,0,1,0
OpenAI,Nat McAleese,6,100,7,4,2
OpenAI,Oleg Boiko,2,24,0,2,1
OpenAI,Oleg Murk,2,24,0,2,1
OpenAI,Reah Miyara,2,24,0,2,1
OpenAI,Reimar Leike,3,27,0,3,1
OpenAI,Rhythm Garg,3,431,130,2,1
OpenAI,Ryan Cheu,2,24,0,2,1
OpenAI,Sam Toizer,2,24,0,2,1
OpenAI,Samuel Miserendino,3,25,0,2,1
OpenAI,Suchir Balaji,5,1463,0,4,3
OpenAI,Tal Broda,2,24,0,2,1
OpenAI,Tejal Patwardhan,5,25,0,2,1
OpenAI,Thomas Degry,2,24,0,2,1
OpenAI,Thomas Dimson,2,24,0,2,1
OpenAI,Tom Stasi,2,24,0,2,1
OpenAI,Valerie Qi,2,24,0,2,1
OpenAI,Vlad Fomenko,2,24,0,2,1
OpenAI,AJ Ostrow,1,16,0,1,1
OpenAI,Aaron Jaech,1,8,0,1,0
OpenAI,Adam Perelman,1,16,0,1,1
OpenAI,Akila Welihinda,1,16,0,1,1
OpenAI,Alec Helyar,2,10,0,2,0
OpenAI,Alex Baker-Whitcomb,1,16,0,1,1
OpenAI,Alex Beutel,4,13,0,2,0
OpenAI,Alex Borzunov,1,16,0,1,1
OpenAI,Alex Carney,1,16,0,1,1
OpenAI,Alex Iftimie,1,8,0,1,0
OpenAI,Alex Karpenko,1,8,0,1,0
OpenAI,Alex Kirillov,2,16,0,1,1
OpenAI,Alex Renzin,1,16,0,1,1
OpenAI,Alexander Prokofiev,1,8,0,1,0
OpenAI,Alexi Christakis,1,16,0,1,1
OpenAI,Amadou Crookes,1,16,0,1,1
OpenAI,Amin Tootoochian,1,16,0,1,1
OpenAI,Amin Tootoonchian,1,16,0,1,1
OpenAI,Andrea Vallone,2,21,0,2,1
OpenAI,Andrea Vallone,2,10,0,2,0
OpenAI,Andrej Karpathy,1,16,0,1,1
OpenAI,Andrew Braunstein,1,16,0,1,1
OpenAI,Andrew Codispoti,1,16,0,1,1
OpenAI,Andrew Duberstein,1,8,0,1,0
OpenAI,Andrew Galu,1,16,0,1,1
OpenAI,Andy Applebaum,1,8,0,1,0
OpenAI,Angela Baek,2,16,0,1,1
OpenAI,Antoine Pelisse,1,16,0,1,1
OpenAI,Antonia Woodford,1,16,0,1,1
OpenAI,Anuj Gosalia,1,16,0,1,1
OpenAI,Ashley Pantuliano,1,16,0,1,1
OpenAI,Ben Leimberger,1,16,0,1,1
OpenAI,Ben Sokolowsky,1,16,0,1,1
OpenAI,Benjamin Sokolowsky,1,8,0,1,0
OpenAI,Benjamin Zweig,1,16,0,1,1
OpenAI,Blake Samic,1,16,0,1,1
OpenAI,Bobby Spero,1,16,0,1,1
OpenAI,Bogo Giertler,1,16,0,1,1
OpenAI,Borys Minaev,1,0,0,0,0
OpenAI,Borys Minaiev,1,8,0,1,0
OpenAI,Brad Lightcap,1,16,0,1,1
OpenAI,Brandon Walkin,1,16,0,1,1
OpenAI,Brian Guarraci,1,16,0,1,1
OpenAI,Bright Kellogg,1,16,0,1,1
OpenAI,Brooke Chan,2,2284,0,2,2
OpenAI,Chan Jun Shern,1,16,0,1,1
OpenAI,Channing Conger,1,16,0,1,1
OpenAI,Charles de Bourcy,1,8,0,1,0
OpenAI,Charlotte Barette,1,16,0,1,1
OpenAI,Chris Orsinger,1,8,0,1,0
OpenAI,Coley Czarnecki,1,16,0,1,1
OpenAI,Constantin Koumouzelis,1,16,0,1,1
OpenAI,Dane Sherburn,3,17,0,1,1
OpenAI,Daniel Kappler,1,16,0,1,1
OpenAI,Daniel Selsam,1,8,0,1,0
OpenAI,Dragos Oprica,1,8,0,1,0
OpenAI,Edede Oiwoh,1,16,0,1,1
OpenAI,Ehsan Asdar,1,16,0,1,1
OpenAI,Eric Antonow,1,16,0,1,1
OpenAI,F.H. Zhang,4,219,0,3,3
OpenAI,Farzad Khorasani,1,16,0,1,1
OpenAI,Florencia Leoni,1,8,0,1,0
OpenAI,Foivos Tsimpourlas,1,8,0,1,0
OpenAI,Gene Oden,1,16,0,1,1
OpenAI,Gildas Chabot,1,8,0,1,0
OpenAI,Hart Andrin,1,8,0,1,0
OpenAI,Hessam Bagherinezhad,1,8,0,1,0
OpenAI,Ian Osband,1,16,0,1,1
OpenAI,Ian Silber,1,16,0,1,1
OpenAI,Ian Sohl,1,16,0,1,1
OpenAI,Ibrahim Okuyucu,1,16,0,1,1
OpenAI,Ignasi Clavera,1,0,0,0,0
OpenAI,Ignasi Clavera Gilaberte,1,8,0,1,0
OpenAI,Ikai Lan,1,16,0,1,1
OpenAI,Irina Kofman,1,8,0,1,0
OpenAI,James Aung,2,17,0,1,1
OpenAI,James Betker,1,16,0,1,1
OpenAI,Jason Teplitz,1,16,0,1,1
OpenAI,Jenia Varavva,1,16,0,1,1
OpenAI,Jeremy Schlatter,1,1033,0,1,1
OpenAI,Jerry Kaplan,4,70,0,4,3
OpenAI,Jerry Twore,1,8,0,1,0
OpenAI,Joe Beutler,1,16,0,1,1
OpenAI,Joe Landers,1,16,0,1,1
OpenAI,Joe Palermo,1,8,0,1,0
OpenAI,Johannes Heidecke,3,126,38,2,2
OpenAI,Johannes Heidecke,6,19,0,3,0
OpenAI,Jonathan Lachman,1,16,0,1,1
OpenAI,Jordan Sitkin,1,16,0,1,1
OpenAI,Jos Kraaijeveld,1,16,0,1,1
OpenAI,Josh Gross,2,16,0,1,1
OpenAI,Joshua Tobin,4,214,0,4,3
OpenAI,Kenny Hsu,2,126,38,2,2
OpenAI,Kevin Button,3,204,0,2,2
OpenAI,Krithika Muthukumar,1,16,0,1,1
OpenAI,Larry Kai,1,16,0,1,1
OpenAI,Lauren Itow,1,16,0,1,1
OpenAI,Leon Maksin,2,9,0,1,0
OpenAI,Liam Fedus,7,2093,696,4,3
OpenAI,Liam Fedus,1,16,0,1,1
OpenAI,Lien Mamitsuka,1,16,0,1,1
OpenAI,Linden Li,1,8,0,1,0
OpenAI,Louis Feuvrier,1,16,0,1,1
OpenAI,Mada Aflak,1,16,0,1,1
OpenAI,Maddie Simens,2,2981,1103,2,2
OpenAI,Mark Hudnall,1,16,0,1,1
OpenAI,Marko Tintor,1,8,0,1,0
OpenAI,Marwan Aljubeh,1,16,0,1,1
OpenAI,Matt Kaufer,1,8,0,1,0
OpenAI,Michele Wang,1,16,0,1,1
OpenAI,Michelle Pokrass,1,16,0,1,1
OpenAI,Mike McClay,1,8,0,1,0
OpenAI,Murat Yesildal,1,16,0,1,1
OpenAI,Natalia Gimelshein,1,16,0,1,1
OpenAI,Natalie Cone,1,16,0,1,1
OpenAI,Natalie Staudacher,1,16,0,1,1
OpenAI,Natan LaFontaine,1,16,0,1,1
OpenAI,Nick Stathas,1,16,0,1,1
OpenAI,Nick Turley,1,16,0,1,1
OpenAI,Niko Felix,1,16,0,1,1
OpenAI,Nithanth Kudige,1,16,0,1,1
OpenAI,Noah Deutsch,1,16,0,1,1
OpenAI,Noel Bundick,1,16,0,1,1
OpenAI,Nora Puckett,1,16,0,1,1
OpenAI,Ola Okelola,1,16,0,1,1
OpenAI,Oliver Jaffe,2,17,0,1,1
OpenAI,Olivia Watkins,1,16,0,1,1
OpenAI,Olivier Godement,1,16,0,1,1
OpenAI,OpenAI Dota Team,1,143,0,1,1
OpenAI,Owen Campbell-Moore,1,16,0,1,1
OpenAI,Paul Ashbourne,1,8,0,1,0
OpenAI,Peter Bak,1,16,0,1,1
OpenAI,Peter Bakkum,1,16,0,1,1
OpenAI,Peter Hoeschele,1,16,0,1,1
OpenAI,Phil Tillet,1,16,0,1,1
OpenAI,Philip Pronin,1,16,0,1,1
OpenAI,Przemyslaw Debiak,1,1033,0,1,1
OpenAI,Quirin Fischer,2,1035,0,2,1
OpenAI,Raphael Ribas,1,660,0,1,1
OpenAI,Raz Gaon,1,8,0,1,0
OpenAI,Renaud Gaubert,1,16,0,1,1
OpenAI,Reza Zamani,1,16,0,1,1
OpenAI,Rob Honsby,1,16,0,1,1
OpenAI,Romain Huet,1,16,0,1,1
OpenAI,Ruslan Nigmatullin,1,16,0,1,1
OpenAI,Sam Schoenholz,1,16,0,1,1
OpenAI,Scott Ethersmith,1,16,0,1,1
OpenAI,Sean Metzger,1,16,0,1,1
OpenAI,Shamez Hermani,1,16,0,1,1
OpenAI,Shariq Hashme,1,1033,0,1,1
OpenAI,Shino Jomoto,1,16,0,1,1
OpenAI,Shuaiqi,1,16,0,1,1
OpenAI,Tal Stramer,1,16,0,1,1
OpenAI,Tarun Gogineni,1,16,0,1,1
OpenAI,Taya Christianson,1,16,0,1,1
OpenAI,Thibault Sottiaux,8,820,270,5,3
OpenAI,Thomas Cunninghman,1,16,0,1,1
OpenAI,Thomas Raoux,1,16,0,1,1
OpenAI,Thomas Shadwell,1,16,0,1,1
OpenAI,Toki Sherbakov,2,126,38,2,2
OpenAI,Tomer Kaftan,1,16,0,1,1
OpenAI,Trevor Creech,1,8,0,1,0
OpenAI,Tristan Heywood,1,16,0,1,1
OpenAI,Tyce Walters,1,16,0,1,1
OpenAI,Vicki Cheung,5,9262,0,5,5
OpenAI,Vitchyr Pong,1,8,0,1,0
OpenAI,Wes McCabe,1,8,0,1,0
OpenAI,Wesam Manassra,1,16,0,1,1
OpenAI,Yongjik Kim,2,19,0,2,1
OpenAI,o contributors,1,0,0,0,0
OpenAI,Wojciech Zaremba,81,45415,0,42,56
OpenAI,Jakub Pachocki,62,3551,5,15,22
OpenAI,Lilian Weng,46,3717,46.5,16,21
OpenAI,Bob McGrew,21,7525,0,14,17
OpenAI,Peter Welinder,44,15996,570.5,25,32
OpenAI,Szymon Sidor,20,3507,10,11,11
OpenAI,Alex Paino,7,1959,0,5,5
OpenAI,Arthur J Petron,10,2177,0,5,5
OpenAI,Christopher Hesse,24,19058,6,13,14
OpenAI,Greg Brockman,16,4479,305,10,11
OpenAI,Henrique Pondé de Oliveira Pinto,4,2321,0,4,4
OpenAI,Ilge Akkaya,25,935,15,9,9
OpenAI,Ilya Sutskever,150,288049,56.33333333,81,130
OpenAI,Jonas Schneider,72,10600,2.2,22,28
OpenAI,Matthias Plappert,16,4908,0,12,13
OpenAI,Nikolas Tezak,44,3113,10,15,19
OpenAI,Vineet Kosaraju,17,2672,8,12,12
OpenAI,Łukasz Kaiser,125,108633,2.666666667,42,66
OpenAI,Adam Lerer,91,40879,15.21428571,31,51
OpenAI,Ahmed El-Kishky,69,1569,2.466666667,17,22
OpenAI,Aidan Clark,22,2280,89.5,16,18
OpenAI,Aleksander Mądry,189,19293,5.956521739,51,109
OpenAI,Alexander Wei,281,10631,3.583333333,49,121
OpenAI,Ananya Kumar,77,2792,6.894736842,18,26
OpenAI,André Saraiva,164,3083,2.435897436,28,49
OpenAI,Angela Jiang,5,510,53,5,3
OpenAI,Barret Zoph,86,40420,160.4,50,70
OpenAI,Behrooz Ghorbani,32,579,0.8888888889,11,12
OpenAI,Bowen Baker,25,4269,11,15,16
OpenAI,C. Fischer,220,17777,0,76,214
OpenAI,Camillo Lugaresi,14,1128,0,8,8
OpenAI,Casey Chu,12,2236,909,7,6
OpenAI,Chak Li,27,91,0.8333333333,6,3
OpenAI,Charles J. Hudson,20,93,0,7,3
OpenAI,Chelsea Voss,14,1792,0,10,10
OpenAI,Christopher Koch,159,1925,9,20,25
OpenAI,David Dohan,24,2713,0,13,13
OpenAI,Dimitris Tsipras,64,15439,30.33333333,35,47
OpenAI,Doug Li,4,326,0,4,3
OpenAI,Edmund Wong,40,2540,0,18,22
OpenAI,Felipe Petroski Such,28,3423,38,14,17
OpenAI,Francis Song,15,631,17,10,10
OpenAI,Glenn Powell,5,2692,0,5,5
OpenAI,Hadi Salman,63,1258,3.25,17,30
OpenAI,Hong Ling Bao,8,34,1.5,3,1
OpenAI,Hyung Won Chung,66,7593,117.85,30,41
OpenAI,Ian Kivlichan,33,3829,7.2,17,19
OpenAI,Ilya Kostrikov,46,2289,6.2,23,30
OpenAI,J. G. Parish,8,114,0,5,4
OpenAI,J. S. Yu,681,15172,4.628865979,58,282
OpenAI,Jiayi Weng,9,176,0,6,4
OpenAI,Jonathan Uesato,54,4117,79,23,33
OpenAI,Joost Huizinga,37,1068,10,15,17
OpenAI,Kai Shi,76,2655,3.875,22,43
OpenAI,Karan Singhal,50,2377,55.85,11,13
OpenAI,Kathleen Wood,100,3531,3.714285714,31,44
OpenAI,Lorenz Kuhn,13,267,7,7,4
OpenAI,Luke Metz,65,17618,15.3,20,32
OpenAI,Maciek Chociej,6,2466,5,6,5
OpenAI,Mark Chen,392,49076,23.08163265,65,189
OpenAI,Matthias Lampe,70,2108,3,24,33
OpenAI,Max Schwarzer,32,369,1.571428571,8,8
OpenAI,Michael L. Boyd,27,181,2,5,4
OpenAI,Michael Petrov,47,2898,4.333333333,13,15
OpenAI,Mikhail Pavlov,24,2683,0,11,11
OpenAI,Neil Chowdhury,18,153,6.111111111,5,4
OpenAI,Ofir Nachum,124,4561,7.826086957,33,59
OpenAI,P.‐H. Grace Chao,10,652,0,7,7
OpenAI,Qiming Yuan,25,2097,4.857142857,9,9
OpenAI,R. M. C. Lopes,705,10492,1.05,55,136
OpenAI,Rafał Józefowicz,35,19333,0,22,23
OpenAI,Randall Lin,3,24,0,2,1
OpenAI,Roger D. Dias,144,1931,4.75862069,23,43
OpenAI,Rui Shu,5,9,0,1,0
OpenAI,S. Altman,27,250,0,8,7
OpenAI,S. J. Zhao,156,1600,3.866666667,22,49
OpenAI,Saachi Jain,28,278,3.777777778,7,7
OpenAI,Sandhini Agarwal,16,23314,227.6,11,11
OpenAI,Scott Gray,34,23051,15.33333333,18,21
OpenAI,Spencer Papay,4,27,0,3,1
OpenAI,T D Peterson,83,1401,0,21,28
OpenAI,T. A. B. Sanders,466,17176,1.461538462,68,209
OpenAI,Tyna Eloundou,10,849,93.5,6,4
OpenAI,V. Monaco,1711,110163,3.25,145,1199
OpenAI,Weiyi Zheng,9,295,0,8,7
OpenAI,Wenda Zhou,55,1263,8.736842105,18,28
OpenAI,А. S. Mishchenko,163,3192,0.625,31,64
OpenAI,A Mc Cann,4,106,2,3,3
OpenAI,A. Chow,119,2613,0.5333333333,24,50
OpenAI,A. M. Hurst,88,1115,1.6,17,26
OpenAI,A.M. Low,25,413,0,13,14
OpenAI,Adam J. Richardson,20,478,0,11,11
OpenAI,Adam P. Goucher,12,38,0,3,2
OpenAI,Adam Tauman Kalai,183,9647,7,45,89
OpenAI,Aditya Ramesh,53,24952,78.5,18,25
OpenAI,Alan Hayes,217,4847,5.772727273,38,92
OpenAI,Alec Radford,40,60788,171.5,32,36
OpenAI,Alex Beutel,125,6528,0.75,37,59
OpenAI,Alex Carney,20,15,0,2,0
OpenAI,Alex Nichol,19,8568,357,13,14
OpenAI,Alex Ray,9,6607,0,9,9
OpenAI,Alexander M. Kirillov,1015,16349,27.82692308,71,211
OpenAI,Alexander Neitz,24,1030,67.75,8,8
OpenAI,Alexis Conneau,81,19572,17,45,58
OpenAI,Ali Reza Kamali,281,4096,5.906976744,36,103
OpenAI,Allan Jabri,35,1885,7.222222222,18,20
OpenAI,Allison Moyer,8,309,9,6,5
OpenAI,Allison Tam,27,336,3.75,10,12
OpenAI,Allison Tam,3,335,0,3,1
OpenAI,Ally Bennett,2,8,0,1,0
OpenAI,Andrew Tulloch,13,3313,33,10,10
OpenAI,Arti Dhar,91,1984,6.714285714,22,43
OpenAI,Arun K. Nayak,291,2460,0.32,28,84
OpenAI,Ashvin Nair,42,2888,1.333333333,17,21
OpenAI,Avital Oliver,4,300,0,4,3
OpenAI,B. Quinn,91,3938,0,38,72
OpenAI,Ben Wang,42,156,5.4,7,7
OpenAI,Benjamin N. Hoover,6,46,0,2,2
OpenAI,Boaz Barak,242,14694,10.41666667,53,105
OpenAI,Botao Hao,55,361,1.111111111,9,9
OpenAI,Bowen Cheng,8,121,16.5,5,4
OpenAI,Brandon Houghton,21,244,5.666666667,7,4
OpenAI,Brandon McKinzie,10,46,3,4,2
OpenAI,Brian Hsu,11,32,0.7142857143,3,1
OpenAI,C. Jarvis,7,535,0,7,7
OpenAI,C.Y. Chan,7,115,0,5,3
OpenAI,Carroll L. Wainwright,26,4160,1103,14,17
OpenAI,Catherine Beaumont,156,2797,0,28,48
OpenAI,Catherine Olsson,49,10549,22.5625,24,28
OpenAI,Chang Lu,332,6570,4.451219512,43,140
OpenAI,Changhwan Choi,177,5434,3.266666667,37,87
OpenAI,Chen Ding,133,3026,6.55,30,61
OpenAI,Chen Shen,54,176,3.4,6,3
OpenAI,Chengxi Liu,272,3125,2.611111111,30,83
OpenAI,Chong Zhang,807,18735,5.037974684,65,354
OpenAI,Chong Zhang,199,5936,25.625,21,36
OpenAI,Chris Hallacy,6,4788,38,5,5
OpenAI,Christina Kim,187,2526,1.25,25,49
OpenAI,Christine McLeavey,9,1826,78.75,6,6
OpenAI,Christopher Berner,9,16809,3,7,6
OpenAI,Christopher R. Gibson,70,2285,0,21,36
OpenAI,Christy Dennison,7,1119,0,3,2
OpenAI,Clemens Winter,17,13415,0.6666666667,7,6
OpenAI,Colin Wei,34,1554,0,17,20
OpenAI,Craig E. Nelson,127,9567,5,48,85
OpenAI,D. P. Jin,474,15824,0,59,291
OpenAI,D. Torres Valladares,6,18,0,1,1
OpenAI,Dan Roberts,30,1768,6,12,12
OpenAI,Daniel Kappler,59,1355,9.6,20,23
OpenAI,Daniel Levin,93,654,1.5,12,16
OpenAI,Daniel Levy,1553,240830,6.875862069,225,893
OpenAI,Daniel Lévy,339,5567,1,34,88
OpenAI,Daniel Selsam,26,979,0,10,10
OpenAI,Dario Amodei,66,31859,27.92307692,40,56
OpenAI,David Carr,215,8801,3.125,39,67
OpenAI,David Farhi,99,1903,10,19,35
OpenAI,David M. Findlay,437,19884,1.384615385,72,254
OpenAI,David Robinson,46,379,0.3333333333,7,4
OpenAI,David Robinson,58,315,1.083333333,9,9
OpenAI,Denise Sasaki,15,643,0,11,11
OpenAI,Duc Nguyen,50,5036,6.5,14,20
OpenAI,E. Matthew Ritter,88,1641,0.5,20,36
OpenAI,Eddie Zhang,16,208,6.5,7,7
OpenAI,Elizabeth Yang,30,12646,0,20,23
OpenAI,Elmer E. Kramer,22,539,0,11,13
OpenAI,Eric Freeman,46,4732,3,20,20
OpenAI,Eric J. Sigler,63,16492,3,20,29
OpenAI,Eric Mitchell,7,8,0,1,0
OpenAI,Eric Peterson,96,1319,2.333333333,15,20
OpenAI,Eric Wallace,79,4676,5.5,26,44
OpenAI,Eric Wallace,175,3015,6.588235294,30,57
OpenAI,Eugene Brevdo,33,11397,5,16,18
OpenAI,Eugene Cheung,128,2054,0,22,53
OpenAI,Fan Wang,94,248,4.5,7,4
OpenAI,Filip Wolski,8,14084,0,7,7
OpenAI,Gabriel Goh,24,6794,0,15,18
OpenAI,Giambattista Parascandolo,34,2373,32.5,16,18
OpenAI,Giulio Starace,5,18,0,1,1
OpenAI,Grace Zhao,64,2377,7.9,14,19
OpenAI,Guillaume Leclerc,27,291,3.818181818,10,11
OpenAI,H ne Kirchner,4,38,0,3,2
OpenAI,Haitang Hu,11,55,0,4,3
OpenAI,Hao Sheng,31,840,10.3,10,10
OpenAI,Haoyu Wang,83,815,2.625,13,22
OpenAI,Heather K. Schmidt,158,95981,1.142857143,76,91
OpenAI,Heather M. Whitney,138,4051,1.7,36,62
OpenAI,Heewoo Jun,26,3897,56,16,19
OpenAI,Heung Wong,170,2507,0.5,30,66
OpenAI,Hongyu Ren,72,2065,1.818181818,17,26
OpenAI,Hong‐Yu Ren,187,4170,8.576923077,40,89
OpenAI,Hui‐Wen Chang,259,5597,10.8,38,118
OpenAI,Hyeonwoo Noh,26,6503,0,15,19
OpenAI,Ian Osband,68,5739,0.7142857143,31,41
OpenAI,Ingmar Kanitscheider,28,2493,1,13,17
OpenAI,Ishaan Gulrajani,24,12792,33.33333333,20,22
OpenAI,J. A. McKay,31,366,0,11,12
OpenAI,J. Alan Wolfe,15,811,40,12,14
OpenAI,J. Gordon,52,702,0.1666666667,12,14
OpenAI,J. Jack Lee,2657,89955,1.345779221,142,921
OpenAI,J. Wei,23,763,0,13,13
OpenAI,J.A. Harris,9,98,0,3,2
OpenAI,Jacob Menick,26,3079,190.5,16,19
OpenAI,James Crooks,166,2164,3.272727273,27,57
OpenAI,James P. Coxon,131,6441,3.095238095,40,65
OpenAI,Jamie Kiros,31,3441,9,14,18
OpenAI,Jan Leike,93,6536,227,22,35
OpenAI,Jane Park,107,2594,9.636363636,26,38
OpenAI,Jared Kaplan,136,27175,24.72727273,48,84
OpenAI,Jason Phang,72,4222,20.77777778,22,33
OpenAI,Jason Wei,55,4206,52.5,23,27
OpenAI,Jay Chen,134,3760,1,26,56
OpenAI,Jennifer C. Shieh,41,456,0.5,10,11
OpenAI,Ji Lin,85,7636,6.888888889,30,48
OpenAI,Jiacheng Feng,13,38,1.166666667,4,0
OpenAI,Jiahui Yu,9,26,0,3,1
OpenAI,Jiahui Yu,11,68,0,4,1
OpenAI,Jie Tang,692,28447,12.19277108,82,312
OpenAI,Jie Tang,181,3818,14.234375,24,45
OpenAI,Jie Tang,20,60,0,3,2
OpenAI,Jing Li,217,5265,7.960784314,40,106
OpenAI,Jingjing Jiao,117,2460,2.5,29,45
OpenAI,Joanne Jang,43,595,4.444444444,12,12
OpenAI,John E. Harriman,78,2292,0,25,47
OpenAI,John Hallman,4,17,0,3,0
OpenAI,John N. Harb,185,3983,1.5,32,68
OpenAI,John Schulman,73,35694,0,48,61
OpenAI,John‐Ross Rizzo,259,8287,2.170212766,25,76
OpenAI,Jonathan M. Ward,111,2069,1.6,22,39
OpenAI,Jonathan Raiman,33,5084,1,15,15
OpenAI,Jonathan Ward,44,606,13,10,11
OpenAI,Jong Wook Kim,173,9419,28,35,64
OpenAI,Josh Snyder,17,352,0,8,8
OpenAI,Josh Tobin,22,5617,0,13,15
OpenAI,Joshua Achiam,21,4039,0,13,14
OpenAI,Joyce Lee,73,7872,16.13333333,25,31
OpenAI,Julie Wang,755,18588,12.58823529,72,247
OpenAI,Jun Soo Kwon,733,25531,4.246153846,84,375
OpenAI,Juntang Zhuang,59,1783,2.25,19,27
OpenAI,K. H. Fricke,113,1988,6,25,47
OpenAI,K. Karthik,13,190,12,9,9
OpenAI,Kai Chen,107,217,1.333333333,9,6
OpenAI,Kai Xiao,14,719,0,9,9
OpenAI,Karl Cobbe,18,1306,8,9,9
OpenAI,Kazuhiro Hayashi,106,773,3,15,24
OpenAI,Kenny Nguyen,40,292,2.866666667,10,12
OpenAI,Kevin Liu,56,749,3.916666667,10,10
OpenAI,Kevin Liu,28,1215,10.83333333,12,13
OpenAI,Kevin Lu,40,234,0.5454545455,8,7
OpenAI,Kevin Stone,20,352,10.66666667,10,10
OpenAI,Kevin Yu,38,1017,0,12,12
OpenAI,Kiel Howe,29,1102,0,15,18
OpenAI,Kim‐Lien Nguyen,124,2249,1.3125,27,47
OpenAI,Kyle Luther,31,524,0,8,6
OpenAI,L Pathak,29,54,0,2,2
OpenAI,L. Yang,9,37,1.5,4,1
OpenAI,Lauren Guy,8,23,0.3333333333,2,1
OpenAI,Lauren M. Workman,12,180,0,7,6
OpenAI,Lawrence Lee Hewitt,34,44,0,3,1
OpenAI,Lei Zhang,1659,100648,8.848708487,142,662
OpenAI,Liang Zhou,120,670,3.464285714,14,22
OpenAI,Ling‐Jun Ho,79,2749,4,31,58
OpenAI,Long Ouyang,27,3757,224.2,11,11
OpenAI,Lu Zhang,270,3228,7.020408163,27,65
OpenAI,Lyric Doshi,5,362,10,5,4
OpenAI,M. L. Khan,24,52,0,4,3
OpenAI,M. Malek,3,46,0,3,2
OpenAI,M. Meyer,209,5407,2.3,46,112
OpenAI,M. Shantharam Shetty,30,146,0,6,5
OpenAI,Madeleine Thompson,36,163,38,4,3
OpenAI,Maja Trębacz,11,783,104.6666667,7,5
OpenAI,Manas Joglekar,51,969,10,18,24
OpenAI,Marat Dukhan,24,1030,0,11,12
OpenAI,Marcin Andrychowicz,60,8792,37,29,39
OpenAI,Mark Chen,5,32,6,3,2
OpenAI,Mark Gray,90,1173,0.7916666667,18,31
OpenAI,Martin Johnson,51,970,5.333333333,16,23
OpenAI,Marvin Zhang,23,1459,0,16,18
OpenAI,Mateusz Litwin,7,13346,1,4,3
OpenAI,Mateusz Litwin,5,3029,6,5,4
OpenAI,Matthew W. Jones,189,13054,44.63043478,32,54
OpenAI,Mayank Gupta,146,977,1.076923077,16,31
OpenAI,Melody Y. Guan,27,3298,6,14,15
OpenAI,Meng Yang,39,222,6.1,10,10
OpenAI,Mengyan Zeng,58,1151,3.583333333,19,29
OpenAI,Mengyuan Xu,29,164,1.666666667,7,4
OpenAI,Mengyuan Yan,24,160,4.714285714,7,4
OpenAI,Michael Castro,92,442,0.1875,11,16
OpenAI,Michael Jänner,69,1141,5.857142857,16,19
OpenAI,Michael P. Wu,36,499,2.111111111,11,11
OpenAI,Michele Wang,25,335,0,9,9
OpenAI,Miguel Castro,17,1558,0.5,10,12
OpenAI,Miles Brundage,40,7552,5.166666667,20,25
OpenAI,Min Zhong,59,315,2.222222222,10,13
OpenAI,Mingxing Lin,8,21,0,2,1
OpenAI,Mingxuan Wang,80,1007,4,17,30
OpenAI,Natacha Aguilar de Soto,113,4933,7.142857143,35,55
OpenAI,Neil Summers,86,3132,0,15,17
OpenAI,Nicholas M. Brown,242,11001,2.166666667,47,114
OpenAI,Nick Ryder,23,3797,3,7,6
OpenAI,Nick Ryder,27,13445,10,7,5
OpenAI,Ningshao Xia,956,27222,4.870786517,76,416
OpenAI,Nitish Shirish Keskar,74,7332,33.25,28,42
OpenAI,Oleg Mürk,3,22,0,2,1
OpenAI,Olivia Watkins,20,243,7.142857143,7,5
OpenAI,OpenAI Marcin Andrychowicz,1,1402,0,1,1
OpenAI,OpenAI OpenAI,1,21,0,1,1
OpenAI,P. A. Zhokhov,21,636,15,8,7
OpenAI,P. Belov,91,2667,0.9230769231,21,36
OpenAI,Patricia Dolan,254,12315,0,65,117
OpenAI,Paul J. McMillan,159,4922,3.75,39,90
OpenAI,Pavel Izmailov,52,3049,8,26,35
OpenAI,Philippe Tillet,16,1567,0,7,7
OpenAI,Pieter Abbeel,827,93401,5.147826087,138,481
OpenAI,Ping-Yuan Deng,5,57,0,4,3
OpenAI,Prafulla Dhariwal,31,35519,169.5,22,25
OpenAI,Qiming Yuan,22,593,7.666666667,11,12
OpenAI,R Chen,4,19,0,2,1
OpenAI,R. L. Carmichael,29,245,0,7,6
OpenAI,R. Sahai,42,334,0,11,11
OpenAI,R.Y. Chen,5,74,0,4,3
OpenAI,Rachel Su Ann Lim,6,132,0,5,4
OpenAI,Radhakrishna Ramchandani,31,152,0,5,5
OpenAI,Raechan Hwang,3,30,0,2,1
OpenAI,Rahul Arora,24,141,0.5,6,4
OpenAI,Rahul K. Arora,72,1859,17.76923077,13,17
OpenAI,Rajan Troll,5,47,0,2,2
OpenAI,Raul Puri,23,2717,38,13,15
OpenAI,Raul Sampedro,3,62,15,3,2
OpenAI,Rob Donnelly,11,50,1,4,2
OpenAI,Robert Connon Smith,157,1936,1.333333333,25,45
OpenAI,Robin Brown,11,473,0,6,5
OpenAI,Rodney James,4,698,0,4,3
OpenAI,Ronald T. Greene,6,106,0,4,2
OpenAI,Rowan Zellers,64,6099,7.214285714,22,34
OpenAI,Ruben D'Sa,10,233,0,7,6
OpenAI,Rui Wang,17,82,2,4,3
OpenAI,S. Baker,77,932,4,19,24
OpenAI,S. Grove,8,129,0,5,3
OpenAI,S. Narayanan,17,941,0,16,17
OpenAI,S. Sanjeev,3,8,0,1,0
OpenAI,S. Z. Lin,20,501,0,8,8
OpenAI,Sam McCandlish,34,19730,21.2,21,27
OpenAI,Sam Toyer,19,378,2,7,7
OpenAI,Samantha Culver,9,118,1.5,5,3
OpenAI,Santiago Mejia Hernandez,2,13,3,2,0
OpenAI,Shantanu Jain,9,214,0.6666666667,3,2
OpenAI,Sheng-Li Hu,127,720,2,15,18
OpenAI,Shengzhang Wu,3,246,7,3,2
OpenAI,Shibani Santurkar,63,5618,12,28,43
OpenAI,Shirong Wu,16,57,2,5,2
OpenAI,Shraman Ray Chaudhuri,6,47,4,4,1
OpenAI,Shunxin Yan,3,230,0,2,1
OpenAI,Shuyuan Zhang,303,8524,6.541666667,48,108
OpenAI,Siyuan Fu,80,1135,3.125,17,24
OpenAI,Sonia Phene,21,492,0,7,7
OpenAI,Stephen Hall,254,13769,3,50,115
OpenAI,Stephen Lee,703,14958,1.033333333,60,231
OpenAI,Steve McKinney,14,587,0,8,7
OpenAI,Steven W. Coffey,15,167,0,7,6
OpenAI,Su Peng,14,191,3.833333333,6,4
OpenAI,Susan Zhang,178,1050,0.5714285714,3,1
OpenAI,Tao Wang,28,421,0,9,7
OpenAI,Tao Xu,81,342,2.0625,9,9
OpenAI,Tao Xu,27,197,2.5,7,4
OpenAI,Tao Zheng,31,65,0.3333333333,5,2
OpenAI,Tianhao Zheng,14,363,14,10,11
OpenAI,Tim Salimans,87,21961,174.8,37,56
OpenAI,Timur Garipov,26,1917,1,11,12
OpenAI,Todd J. Underwood,40,662,0,16,18
OpenAI,Todor Markov,10,1322,14.5,7,6
OpenAI,Tom P. Gordon,308,12831,3.125,58,196
OpenAI,Tom Rubin,3,21,2,2,1
OpenAI,Trapit Bansal,39,1401,0,16,19
OpenAI,V. Moeller,334,25091,0,89,257
OpenAI,Venus Kuo,9,46,2,4,3
OpenAI,Wayne H. Chang,50,1038,2.25,12,12
OpenAI,Wen‐Da Zhou,48,304,4.5,10,10
OpenAI,William Sheu,22,396,1.714285714,6,5
OpenAI,Y.-M. Cha,8,74,0,3,2
OpenAI,Yabin Dai,23,315,3,10,11
OpenAI,Yann Dubois,78,320,3.222222222,11,11
OpenAI,Yash Patil,116,681,1.5,15,18
OpenAI,Yi Chen,268,2756,2.394736842,26,60
OpenAI,Yilei Qian,6,71,9.5,4,3
OpenAI,Yinghai Lu,5,2376,1156,5,4
OpenAI,Yining Chen,95,1003,3.19047619,18,25
OpenAI,Youlong Cheng,17,1524,4,11,11
OpenAI,Yu Bai,519,14251,1.757575758,59,224
OpenAI,Yu Zhang,203,1382,6,17,31
OpenAI,Yu. F. Malkov,52,990,0,10,11
OpenAI,Yuchen He,77,256,1.928571429,10,10
OpenAI,Yuchen He,43,188,0.3333333333,7,5
OpenAI,Yuchen Zhang,52,811,4.538461538,13,19
OpenAI,Yuchen Zhang,17,146,3.5,7,5
OpenAI,Yujia Jin,57,647,2.157894737,13,15
OpenAI,Yunyun Wang,20,350,7.888888889,8,7
OpenAI,Zheng Long Shao,6,12,0,2,0
OpenAI,Zhuohan Li,7,21,0,3,0
Anthropic,Jared Kaplan,136,27175,24.72727273,48,84
Anthropic,Esin Durmus,56,3325,8.703703704,22,30
Anthropic,Ethan Perez,74,5163,11.6875,23,36
Anthropic,Alex Tamkin,47,2158,2.65,12,15
Anthropic,Amanda Askell,41,25460,85.36842105,23,29
Anthropic,Nicholas Schiefer,26,755,13.10526316,12,14
Anthropic,Samuel R. Bowman,213,18347,12.57142857,46,101
Anthropic,Shauna Kravec,21,1171,26,14,16
Anthropic,David Duvenaud,152,16568,3,53,97
Anthropic,Deep Ganguli,33,2265,31.5625,18,22
Anthropic,Nicholas Joseph,50,1651,16.85,21,27
Anthropic,Sam McCandlish,34,19730,21.2,21,27
Anthropic,Evan Hubinger,18,206,6.875,7,7
Anthropic,Kamal Ndousse,23,1208,25.26666667,13,15
Anthropic,Monte MacDiarmid,9,57,0,4,3
Anthropic,Newton Cheng,17,840,32.25,10,10
Anthropic,Sören Mindermann,42,2128,10,16,22
Anthropic,Zac Hatfield-Dodds,40,3800,81,15,18
Anthropic,Buck Shlegeris,12,32,1.25,3,1
Anthropic,Carson Denison,8,37,4,3,2
Anthropic,Karina Nguyen,9,178,8.111111111,6,5
Anthropic,Cem Anil,23,1406,14.2,12,12
Anthropic,Fazl Barez,41,63,0.8235294118,4,2
Anthropic,Mrinank Sharma,37,1888,7.7,13,16
Anthropic,Nelson Elhage,21,1212,25.2,15,16
Anthropic,Oliver Rausch,135,3186,2.904761905,21,28
Anthropic,Roger Grosse,152,10504,4.357142857,42,91
Anthropic,Ryan Greenblatt,8,21,0.3333333333,2,1
Anthropic,Yuntao Bai,58,2570,26.21052632,23,32
Anthropic,Liane Lovitt,6,449,31.8,3,3
Anthropic,Meg Tong,7,72,7.75,4,3
Anthropic,Thomas I. Liao,5,63,6.333333333,3,2
Anthropic,A K Rathi,35,170,0,6,4
Anthropic,A. Callahan,33,269,2,10,11
Anthropic,Adam S. Jermyn,152,3439,3.866666667,22,41
Anthropic,Akbir Khan,17,41,1.6,3,1
Anthropic,Amirhossein Tajdini,23,2664,4.833333333,14,16
Anthropic,Anna Chen,201,4234,9.2,34,75
Anthropic,Anna Goldie,39,1981,14.11111111,17,19
Anthropic,Anton Bakhtin,41,2493,15.4,16,18
Anthropic,Azalia Mirhoseini,98,3637,13.41666667,24,40
Anthropic,Benjamin Fletcher Wright,19,130,0,6,4
Anthropic,Benoit Steiner,35,50397,3,15,17
Anthropic,Brian Clarke,6,30,0,3,1
Anthropic,Catherine Olsson,49,10549,22.5625,24,28
Anthropic,Da Yan,395,12453,6.549450549,58,157
Anthropic,Daniel M. Ziegler,175,25075,0.7142857143,55,114
Anthropic,Danny Hernandez,15,1421,40.125,10,10
Anthropic,Jack A. Clark,192,23630,11.59090909,57,124
Anthropic,Jack Chen,2,26,0,2,1
Anthropic,Jack Clark,20,8311,28,13,15
Anthropic,Jamie Kerr,14,568,19.28571429,6,6
Anthropic,Jan Brauner,56,2652,5.65,18,29
Anthropic,Jesse Mu,35,367,2.4,11,11
Anthropic,Jing Hong,227,1541,2.19047619,21,47
Anthropic,Johannes Treutlein,18,25,0.5,3,0
Anthropic,Jonathan Uesato,54,4117,79,23,33
Anthropic,Juhan Bae,29,86,3.142857143,6,3
Anthropic,Julian Michael,55,8844,4.583333333,18,22
Anthropic,Kamilė Lukošiūtė,15,247,5.571428571,7,7
Anthropic,Kunal Handa,12,33,1.142857143,3,1
Anthropic,Logan Graham,8,319,0,5,5
Anthropic,Marina Favaro,16,75,1,6,4
Anthropic,Michael E. Stern,306,15476,4,65,158
Anthropic,Michael Sellitto,14,612,18.57142857,9,9
Anthropic,Mike Lambert,19,35,0,3,1
Anthropic,Miles McCain,5,348,2,3,3
Anthropic,Miranda Zhang,18,555,13.66666667,12,12
Anthropic,Orowa Sikder,6,105,16,2,2
Anthropic,Paul Christiano,67,6617,282.75,17,26
Anthropic,Robin J. Larson,55,3393,18.25,24,30
Anthropic,Saffron Huang,11,659,17.5,8,7
Anthropic,Sandipan Kundu,60,2003,10.5,21,36
Anthropic,Saurav Kadavath,20,2534,28.2,13,14
Anthropic,Shan Carter,12,1277,0,10,10
Anthropic,Shannon Yang,6,35,5,3,2
Anthropic,Shula Marks,188,3887,1,33,51
Anthropic,Stuart J. Ritchie,204,13206,2.875,54,117
Anthropic,T. Maxwell,74,743,10,14,25
Anthropic,Tim Maxwell,11,37,2,4,1
Anthropic,Tom Henighan,39,18245,22.8125,18,20
Anthropic,Tomasz Korbak,45,269,5.1,8,7
Anthropic,Wendy G. Mitchell,153,5550,5.222222222,45,78
Anthropic,Alfred Mountfield,1,3,0,1,0
Anthropic,Ansh Radhakrishnan,5,40,6,4,2
Anthropic,Avital Balwit,1,4,2,1,0
Anthropic,B. T. McLean,13,102,2,5,3
Anthropic,Carol Chen,4,294,28,4,3
Anthropic,Cassie Evraets,1,4,2,1,0
Anthropic,Dustin Li,5,147,11,5,5
Anthropic,Eli Tran-Johnson,3,268,33.33333333,3,2
Anthropic,Evan Miller,3,6,0,2,0
Anthropic,Fabien Roger,8,9,0.4,2,0
Anthropic,Holden Karnofsky,2,15,0,1,1
Anthropic,Jack Clark,2,12,0,2,0
Anthropic,Jackson Kernion,6,159,9.666666667,5,4
Anthropic,Janel Thamkul,1,33,16,1,1
Anthropic,Jared Mueller,4,123,11.33333333,3,3
Anthropic,Karina Nyugen,1,33,16,1,1
Anthropic,Kshitij Sachan,4,25,0.5,3,1
Anthropic,Landon Goldberg,3,101,14.5,2,2
Anthropic,Liane Lovitt,3,281,34.66666667,3,3
Anthropic,Linda Petrini,2,5,0,1,0
Anthropic,Nova DasSarma,4,150,14.66666667,4,4
Anthropic,Nova DasSarma,3,252,30,3,2
Anthropic,Ryan Soklaski,1,0,0,0,0
Anthropic,Samuel Marks,4,1,0,1,0
Anthropic,Scott R. Johnston,1,23,12,1,1
Anthropic,Tamera Lanham,7,396,23.16666667,7,6
Anthropic,Theodore R. Sumers,2,5,0,1,0
Anthropic,Tim Belonax,1,3,0,1,0
Anthropic,Timothy Telleen-Lawton,10,840,34,7,7
Anthropic,Tristan Hume,5,152,10.8,4,4
Anthropic,William McEachen,1,3,0,1,0
Anthropic,Zachary Witten,1,14,0,1,1
DeepMind,Daniel Salz,8,216,27.25,4,3
DeepMind,Alexander Sasha Vezhnevets,21,4301,1.571428571,8,8
DeepMind,André Araujo,48,1842,3.6,13,17
DeepMind,Arjun Karpur,15,262,4.25,6,6
DeepMind,Arthur Szlam,198,21750,4.136363636,50,112
DeepMind,Bingyi Cao,26,667,2.428571429,8,8
DeepMind,Dan Gnanapragasam,4,134,26,2,1
DeepMind,Dara Bahri,57,2224,19.72727273,19,27
DeepMind,David Lindner,42,144,5.166666667,5,3
DeepMind,Edgar A. Duéñez‐Guzmán,63,1266,2.357142857,17,26
DeepMind,Georgios Piliouras,302,2875,0.5531914894,29,76
DeepMind,Guangxing Han,28,507,20,9,9
DeepMind,Howard Zhou,27,1447,2,11,11
DeepMind,Ian Fischer,70,6417,4.6,25,31
DeepMind,Ian Goodfellow,139,99999,0,77,116
DeepMind,Ibrahim Alabdulmohsin,67,439,9,11,16
DeepMind,Iyad Rahwan,340,14168,4.913043478,49,143
DeepMind,Jan Dlabal,6,23,0,2,1
DeepMind,Jed R. Brubaker,108,4394,7.125,32,61
DeepMind,Jiaxing Wu,18,106,1,6,3
DeepMind,Joel Z. Leibo,188,8503,4.034482759,41,79
DeepMind,John Agapiou,40,6828,1.714285714,14,19
DeepMind,Joseph J. Pfeiffer,55,476,0,12,16
DeepMind,Julia Haas,66,412,1.411764706,5,3
DeepMind,Jun Xie,18,246,0,5,2
DeepMind,K.-Y. Chen,5,33,0,2,1
DeepMind,Kaifeng Chen,20,83,2.4,6,3
DeepMind,Kartikeya Badola,15,723,55.8,7,7
DeepMind,Keran Rong,8,793,94.5,5,5
DeepMind,Kevis-Kokitsi Maninis,50,4221,31.88888889,18,21
DeepMind,Kuang-Huei Lee,7,31,3.5,3,1
DeepMind,Laurent Orseau,84,1470,2.833333333,18,33
DeepMind,Levi H. S. Lelis,95,730,1,14,27
DeepMind,Manfred Diaz,13,156,0,5,4
DeepMind,Marcus Hütter,507,6843,1.826086957,36,135
DeepMind,Meera Hahn,26,248,2,9,8
DeepMind,Meredith Ringel Morris,280,16324,28.13636364,70,163
DeepMind,Mojtaba Seyedhosseini,33,2013,79,16,17
DeepMind,Nithish Kannen,4,6,0.5,1,0
DeepMind,Peter Sunehag,87,1889,3.25,14,22
DeepMind,Raphaël Koster,70,994,4.333333333,15,24
DeepMind,Rohin Shah,47,363,1.3,8,6
DeepMind,Sebastian Farquhar,45,1529,3.714285714,13,17
DeepMind,Shumeet Baluja,142,12598,0.25,45,74
DeepMind,Simon Osindero,89,30250,23.875,31,51
DeepMind,Soham Ghosh,35,261,0.6,8,6
DeepMind,Stanley Bileschi,15,2162,0,9,9
DeepMind,Wen-Jun Zeng,54,1014,0.6666666667,15,21
DeepMind,William A. Cunningham,314,20126,10.17391304,53,104
DeepMind,William Isaac,33,1805,109.5,14,17
DeepMind,Xiao Song,14,118,1,7,5
DeepMind,Xiao Wang,598,8964,5.53968254,44,177
DeepMind,Xiaohua Zhai,109,23874,31.29166667,37,58
DeepMind,Xinyun Chen,41,215,2.666666667,7,4
DeepMind,Ye Xia,191,2386,3.583333333,24,45
DeepMind,Yingju Wu,77,2042,15.16666667,21,33
DeepMind,Zhe Li,84,462,2.214285714,10,13
DeepMind,Zi Wang,41,243,1.4,8,7
DeepMind,Been Kim,5,16,0,2,1
DeepMind,Caleb Biddulph,1,0,0,0,0
DeepMind,Dale Schuurmans,1,0,0,0,0
DeepMind,Dave Marwood,2,1,0,1,0
DeepMind,David Elson,1,0,0,0,0
DeepMind,Luyang Liu,2,0,0,0,0
DeepMind,Rich Galt,1,0,0,0,0
DeepMind,Vikrant Varma,12,59,1.5,3,1